{"MHCYP":{"Mental Health of Children and Adolescents in Great Britain 1999":{"Title":"Mental Health of Children and Adolescents in Great Britain 1999","CM age":"5-15 years","Year":1999,"End Year":1999,"Sweep Comments":null,"Timeline Group":null},"Mental Health of Children and Adolescents in Great Britain 2004":{"Title":"Mental Health of Children and Adolescents in Great Britain 2004","CM age":"5-16 years","Year":2004,"End Year":2004,"Sweep Comments":null,"Timeline Group":null},"MHCYP 2004 - Six month follow up":{"Title":"MHCYP 2004 - Six month follow up","CM age":"5-16","Year":2005,"End Year":2005,"Sweep Comments":null,"Timeline Group":null},"Mental Health of Children and Young People in England 2017":{"Title":"Mental Health of Children and Young People in England 2017","CM age":"2-19 years","Year":2017,"End Year":2017,"Sweep Comments":null,"Timeline Group":null}},"WOS":{"Wave 1":{"Title":"W1-1970-R-and-L-Postal","CM age":"15 years, 35 years, 55 years","Year":1987,"End Year":1987,"Sweep Comments":null,"Timeline Group":null},"Wave 2":{"Title":"W2-70-R-and-L Postal Questionnaire","CM age":"18 years, 38 years, 58 years","Year":1990,"End Year":1992,"Sweep Comments":null,"Timeline Group":null},"Wave 3":{"Title":"W3-All-R Feelings and Opinions Questionnaire","CM age":"23 years, 43 years, 63 years","Year":1995,"End Year":1997,"Sweep Comments":null,"Timeline Group":null},"Wave 4":{"Title":"W4-all-R-and-L-FandO","CM age":"28 years, 48 years, 68 years","Year":2000,"End Year":2004,"Sweep Comments":null,"Timeline Group":null},"Wave 5":{"Title":"W5-all-R-and-L Main Questionnaire","CM age":"35 years, 55 years, 75 years","Year":2007,"End Year":2008,"Sweep Comments":null,"Timeline Group":null}},"APMS_other":{"Young people looked after by local authorities (2001-2)":{"Title":"Young People in Care Survey","CM age":"5-17 years","Year":2001,"End Year":2002,"Sweep Comments":null,"Timeline Group":null},"Institutions sample (1994)":{"Title":"Institutions Survey","CM age":"16-64 years","Year":1994,"End Year":1994,"Sweep Comments":null,"Timeline Group":null},"Prisoners sasmple (1997)":{"Title":"Prisons Survey ","CM age":"16-65 years","Year":1997,"End Year":1997,"Sweep Comments":null,"Timeline Group":null},"Homeless people sample (1994)":{"Title":"Homeless people survey","CM age":"16-64 years","Year":1994,"End Year":1994,"Sweep Comments":null,"Timeline Group":null}},"ALSPAC":{"Mother (8 to 42 weeks gestation)":{"Title":"Mothers Sweep A - Your Environment","CM age":"8 to 42 weeks gestation","Year":33122,"End Year":33884,"Sweep Comments":null,"Timeline Group":"Pregnancy - 6 months"},"Mother (12 weeks gestation)":{"Title":"Partner Sweep PA - You and Your Environment","CM age":"12 weeks gestation","Year":33182,"End Year":34184,"Sweep Comments":null,"Timeline Group":"Pregnancy - 6 months"},"Mother (18 weeks gestation)":{"Title":"Mothers Sweep B - Having a Baby","CM age":"18 weeks gestation","Year":33198,"End Year":33861,"Sweep Comments":null,"Timeline Group":"Pregnancy - 6 months"},"Partner (18 weeks gestation)":{"Title":"Partner Sweep PB - Partner's Questionnaire","CM age":"18 weeks gestation","Year":33198,"End Year":33861,"Sweep Comments":null,"Timeline Group":"Pregnancy - 6 months"},"Mother (32 weeks gestation)":{"Title":"Mothers Sweep C - Your Pregnancy","CM age":"32 weeks gestation","Year":33301,"End Year":33973,"Sweep Comments":null,"Timeline Group":"Pregnancy - 6 months"},"Child-Based (4 weeks)":{"Title":"Child-Based Sweep KA - My Young Baby Girl\/Boy","CM age":"4 Weeks","Year":33341,"End Year":34061,"Sweep Comments":null,"Timeline Group":"Pregnancy - 6 months"},"Mother (8 weeks)":{"Title":"Mothers Sweep E - Me & My Baby","CM age":"8 weeks","Year":33369,"End Year":34089,"Sweep Comments":null,"Timeline Group":"Pregnancy - 6 months"},"Partner (8 weeks)":{"Title":"Partners Sweep PC - Being a Father","CM age":"8 weeks","Year":33369,"End Year":34089,"Sweep Comments":null,"Timeline Group":"Pregnancy - 6 months"},"Child-Based (6 months)":{"Title":"Child-Based Sweep KB - My Daughter\/Son","CM age":"6 months","Year":33424,"End Year":34197,"Sweep Comments":null,"Timeline Group":"Pregnancy - 6 months"},"Mother (8 months)":{"Title":"Mothers Sweep F - Looking After the Baby","CM age":"8 months","Year":33695,"End Year":34243,"Sweep Comments":null,"Timeline Group":"8 months - 2 years"},"Partner (8 months)":{"Title":"Partners Sweep PD - The Baby and Me","CM age":"8 months","Year":33695,"End Year":34243,"Sweep Comments":null,"Timeline Group":"8 months - 2 years"},"Child-Based (15 months)":{"Title":"Child-Based Sweep KC - My Infant Daughter\/Son","CM age":"15 months","Year":33828,"End Year":34466,"Sweep Comments":null,"Timeline Group":"8 months - 2 years"},"Mother (21 months)":{"Title":"Mothers Sweep G - Caring for a Toddler","CM age":"21 months","Year":33870,"End Year":34643,"Sweep Comments":null,"Timeline Group":"8 months - 2 years"},"Partner (21 months)":{"Title":"Partners Sweep PE - A Toddler in the House","CM age":"21 months","Year":33870,"End Year":34643,"Sweep Comments":null,"Timeline Group":"8 months - 2 years"},"Child-Based (18 months)":{"Title":"Child-Based Sweep KD - Girl\/Boy Toddler","CM age":"18 months","Year":33878,"End Year":34557,"Sweep Comments":null,"Timeline Group":"8 months - 2 years"},"Child-Based (24 months)":{"Title":"Child-Based Sweep KE - My Little Girl\/Boy","CM age":"24 months","Year":33977,"End Year":34750,"Sweep Comments":null,"Timeline Group":"8 months - 2 years"},"Mother (33 months)":{"Title":"Mothers Sweep H - Your Health, Events and Feelings","CM age":"33 months","Year":34244,"End Year":35021,"Sweep Comments":null,"Timeline Group":"8 months - 2 years"},"Partner (33 months)":{"Title":"Partners Sweep PF - Partner's Health Events and Feelings ","CM age":"33 months","Year":34244,"End Year":35021,"Sweep Comments":null,"Timeline Group":"8 months - 2 years"},"Child-Based (30  months)":{"Title":"Child-Based Sweep KF - My Study Son\/Daughter","CM age":"30 months","Year":34335,"End Year":34912,"Sweep Comments":null,"Timeline Group":"8 months - 2 years"},"Child-Based (38 months)":{"Title":"Child-Based Sweep KG - My 3 Year Old Boy\/Girl","CM age":"38 months","Year":34396,"End Year":35173,"Sweep Comments":null,"Timeline Group":"3 - 5 years"},"Child-Based (42 months)":{"Title":"Child-Based Sweep KJ - My Son's\/Daughter's Health & Behaviour","CM age":"42 months","Year":34521,"End Year":35340,"Sweep Comments":null,"Timeline Group":"3 - 5 years"},"Mother (47 months)":{"Title":"Mothers Sweep J - Mother's New Questionnaire","CM age":"47 months","Year":34660,"End Year":35444,"Sweep Comments":null,"Timeline Group":"3 - 5 years"},"Partner (47 months)":{"Title":"Partners Sweep PG - Partner's New Questionnaire","CM age":"47 months","Year":34660,"End Year":35444,"Sweep Comments":null,"Timeline Group":"3 - 5 years"},"Child-Based (54 months)":{"Title":"Child-Based Sweep KK - My Young 4 Year Old Boy\/Girl","CM age":"54 months","Year":34881,"End Year":35658,"Sweep Comments":null,"Timeline Group":"3 - 5 years"},"Child-Based (57 months)":{"Title":"Child-Based Sweep KL - Development and Health of my Son\/Daughter","CM age":"57 months","Year":35089,"End Year":35754,"Sweep Comments":null,"Timeline Group":"3 - 5 years"},"Mother (61 months)":{"Title":"Mothers Sweep K - Study Mother's Questionnaire","CM age":"61 months ","Year":35095,"End Year":35872,"Sweep Comments":null,"Timeline Group":"3 - 5 years"},"Partner (61 months)":{"Title":"Partners Sweep PH - Study Partner's Questionnaire","CM age":"61 months ","Year":35095,"End Year":35872,"Sweep Comments":null,"Timeline Group":"3 - 5 years"},"Child-Based (65 months)":{"Title":"Child-Based Sweep KM - My Five Year Old Son\/Daughter","CM age":"65 months","Year":35345,"End Year":35987,"Sweep Comments":null,"Timeline Group":"3 - 5 years"},"Child-Completed (65 months)":{"Title":"Child-Completed Sweep CCA1 - Your Own Questionnaire","CM age":"65 months","Year":35345,"End Year":35987,"Sweep Comments":null,"Timeline Group":"3 - 5 years"},"Mother (73 months)":{"Title":"Mothers Sweep L - Mother's Lifestyle","CM age":"73 months","Year":35465,"End Year":36235,"Sweep Comments":null,"Timeline Group":"6 - 7 years"},"Partner (73 months)":{"Title":"Partners' Sweep PJ - Partners' Lifestyle","CM age":"73 months","Year":35465,"End Year":36235,"Sweep Comments":null,"Timeline Group":"6 - 7 years"},"Child-Completed (73 months)":{"Title":"Child-Completed Sweep CCA3 - Your Next Questionnaire","CM age":"73 months","Year":35465,"End Year":36235,"Sweep Comments":null,"Timeline Group":"6 - 7 years"},"Child-Based (69 months)":{"Title":"Child-Based Sweep KN - My School Boy\/Girl","CM age":"69 months","Year":35473,"End Year":36140,"Sweep Comments":null,"Timeline Group":"3 - 5 years"},"Child-Completed (69 months)":{"Title":"Child-Completed Sweep CCA2 - My Second Questionnaire","CM age":"69 months","Year":35473,"End Year":36140,"Sweep Comments":null,"Timeline Group":"3 - 5 years"},"Child-Based (77 months)":{"Title":"Child-Based Sweep KP - My Daughter\/Son Growing Up","CM age":"77 months","Year":35746,"End Year":36363,"Sweep Comments":null,"Timeline Group":"6 - 7 years"},"Child-Completed (77 months)":{"Title":"Child-Completed Sweep CCA4 - Growing Up","CM age":"77 months","Year":35746,"End Year":36363,"Sweep Comments":null,"Timeline Group":"6 - 7 years"},"Child-Based (81 months)":{"Title":"Child-Based Sweep KQ - My Son\/Daughter at School","CM age":"81 months","Year":35858,"End Year":36474,"Sweep Comments":null,"Timeline Group":"6 - 7 years"},"Child-Completed (81 months)":{"Title":"Child-Completed Sweep CCA5 - My Questionnaire","CM age":"81 months","Year":35858,"End Year":36474,"Sweep Comments":null,"Timeline Group":"6 - 7 years"},"Child-Based (91 months)":{"Title":"Child-Based Sweep KR - My Son's\/Daughter's Wellbeing","CM age":"91 months","Year":36006,"End Year":36809,"Sweep Comments":null,"Timeline Group":"6 - 7 years"},"Child-Completed (91 months)":{"Title":"Child-Completed Sweep CCB - My Teeth","CM age":"91 months","Year":36006,"End Year":36809,"Sweep Comments":null,"Timeline Group":"6 - 7 years"},"Mother (85 months)":{"Title":"Mothers Sweep M - Mother and Home","CM age":"85 months","Year":36010,"End Year":36602,"Sweep Comments":null,"Timeline Group":"6 - 7 years"},"Partner (85 months)":{"Title":"Partners Sweep PK - Partner and Home","CM age":"85 months","Year":36010,"End Year":36602,"Sweep Comments":null,"Timeline Group":"6 - 7 years"},"Child-Completed (85 months)":{"Title":"Child-Completed Sweep CCA6 - Things To Do","CM age":"85 months","Year":36010,"End Year":36602,"Sweep Comments":null,"Timeline Group":"6 - 7 years"},"Focus Clinic (7.5 years)":{"Title":"Focus @ 7","CM age":"7.5 years","Year":36039,"End Year":36770,"Sweep Comments":"This sweep includes data collected via hands-on measurement at clinical assessment visits. These clinics were open to all members of the ALSPAC cohort. ","Timeline Group":"6 - 7 years"},"School (Year 3)":{"Title":"School Sweep SC - About Your School","CM age":"Year 3 (approx. 7-8 years)","Year":36595,"End Year":36595,"Sweep Comments":null,"Timeline Group":"8 - 9 years"},"Mother (97 months)":{"Title":"Mothers Sweep N - Mother and Family","CM age":"97 months ","Year":36433,"End Year":37035,"Sweep Comments":null,"Timeline Group":"8 - 9 years"},"Partner (97 months)":{"Title":"Partners' Sweep PL - Father and Family","CM age":"97 months ","Year":36433,"End Year":37035,"Sweep Comments":null,"Timeline Group":"8 - 9 years"},"Child-Completed (97 months)":{"Title":"Child-Completed Sweep CCC - Me and My School","CM age":"97 months","Year":36433,"End Year":37035,"Sweep Comments":null,"Timeline Group":"8 - 9 years"},"School (Year 4)":{"Title":"School Sweep SD - Maths Assessment","CM age":"Year 4 (approx. 8-9 years)","Year":36434,"End Year":36434,"Sweep Comments":null,"Timeline Group":"8 - 9 years"},"Child-Completed (103 months)":{"Title":"Child-Completed Sweep CCD - Some More About Me","CM age":"103 months","Year":36656,"End Year":37146,"Sweep Comments":null,"Timeline Group":"8 - 9 years"},"Child-Based (103 months)":{"Title":"Child-Based Sweep KT - My Son\/Daughter at Home and At School","CM age":"103 months","Year":36658,"End Year":37148,"Sweep Comments":null,"Timeline Group":"8 - 9 years"},"Mother (110 months)":{"Title":"Mothers Sweep P - Mother of a 9 Year Old","CM age":"110 months ","Year":36808,"End Year":37361,"Sweep Comments":null,"Timeline Group":"8 - 9 years"},"Partner (110 months)":{"Title":"Partners Sweep PM - Father of a 9 Year Old","CM age":"110 months ","Year":36808,"End Year":37361,"Sweep Comments":null,"Timeline Group":"8 - 9 years"},"Child-Completed (110 months)":{"Title":"Child-Completed Sweep CCE - My World","CM age":"110 months","Year":36808,"End Year":37361,"Sweep Comments":null,"Timeline Group":"8 - 9 years"},"Child-Completed (115 months)":{"Title":"Child-Completed Sweep CCF - My Hands, My Feet & Me","CM age":"115 months","Year":36936,"End Year":37564,"Sweep Comments":null,"Timeline Group":"8 - 9 years"},"Child-Based (115 months)":{"Title":"Child-Based Sweep KU - Your Son\/Daughter at 9","CM age":"115 months","Year":36937,"End Year":37564,"Sweep Comments":null,"Timeline Group":"8 - 9 years"},"Focus Clinic (8.5 years)":{"Title":"Focus @ 8","CM age":"8.5 years","Year":36434,"End Year":37226,"Sweep Comments":"This sweep includes data collected via hands-on measurement at clinical assessment visits. These clinics were open to all members of the ALSPAC cohort. ","Timeline Group":"8 - 9 years"},"Focus Clinic (9.5 years)":{"Title":"Focus @ 9","CM age":"9.5 years","Year":36892,"End Year":37622,"Sweep Comments":"This sweep includes data collected via hands-on measurement at clinical assessment visits. These clinics were open to all members of the ALSPAC cohort. ","Timeline Group":"8 - 9 years"},"Mother (122 months)":{"Title":"Mothers Sweep Q - You and Your Surroundings","CM age":"122 months","Year":37133,"End Year":37728,"Sweep Comments":null,"Timeline Group":"10 - 11 years"},"Partner (122 months)":{"Title":"Partners Sweep PN - Father and surroundings","CM age":"122 months","Year":37133,"End Year":37728,"Sweep Comments":null,"Timeline Group":"10 - 11 years"},"Child-Completed (122 months)":{"Title":"Child-Completed Sweep CCG - Rings and Things","CM age":"122 months","Year":37203,"End Year":37728,"Sweep Comments":null,"Timeline Group":"10 - 11 years"},"Child-Based (128 months)":{"Title":"Child-Based Sweep KV - My Son's\/Daughter's Health and Happiness","CM age":"128 months","Year":37291,"End Year":37953,"Sweep Comments":null,"Timeline Group":"10 - 11 years"},"Child-Completed (128 months)":{"Title":"Child-Completed Sweep CCH - Teeth and Things","CM age":"128 months","Year":37291,"End Year":37953,"Sweep Comments":null,"Timeline Group":"10 - 11 years"},"School (Year 6)":{"Title":"School Sweep SH3 - Spelling Assessment","CM age":"Year 6 (approx. 10-11 years)","Year":37408,"End Year":37408,"Sweep Comments":null,"Timeline Group":"10 - 11 years"},"Mother (134 months)":{"Title":"Mothers Sweep R - Lifestyle and Health of Mother","CM age":"134 months","Year":37438,"End Year":38133,"Sweep Comments":null,"Timeline Group":"10 - 11 years"},"Partner (134 months)":{"Title":"Partners Sweep PP - Lifestyle and Health of Partner","CM age":"134 months","Year":37438,"End Year":38133,"Sweep Comments":null,"Timeline Group":"10 - 11 years"},"Child-Completed (134 months)":{"Title":"Child-Completed Sweep CCJ - School Life and Me","CM age":"134 months","Year":37438,"End Year":38133,"Sweep Comments":null,"Timeline Group":"10 - 11 years"},"Child-Based (140 months)":{"Title":"Child-Based Sweep KW - Being a Girl\/Boy","CM age":"140 months","Year":37593,"End Year":38296,"Sweep Comments":null,"Timeline Group":"10 - 11 years"},"Child-Completed (140 months)":{"Title":"Child-Completed Sweep CCK - Watches and Funny Feelings","CM age":"140 months","Year":37593,"End Year":38296,"Sweep Comments":null,"Timeline Group":"10 - 11 years"},"Focus Clinic (10.5 years)":{"Title":"Focus 10+","CM age":"10.5 years","Year":37288,"End Year":37895,"Sweep Comments":"This sweep includes data collected via hands-on measurement at clinical assessment visits. These clinics were open to all members of the ALSPAC cohort. ","Timeline Group":"10 - 11 years"},"Focus Clinic (11.5 years)":{"Title":"Focus 11+","CM age":"11.5 years","Year":37622,"End Year":38353,"Sweep Comments":"This sweep includes data collected via hands-on measurement at clinical assessment visits. These clinics were open to all members of the ALSPAC cohort. ","Timeline Group":"10 - 11 years"},"Mother (145 months)":{"Title":"Mothers Sweep S - Twelve Years On","CM age":"145 months","Year":37755,"End Year":38477,"Sweep Comments":null,"Timeline Group":"12 - 15 years"},"Partner (145 months)":{"Title":"Partners Sweep PQ - About Me","CM age":"145 months","Year":37755,"End Year":38477,"Sweep Comments":null,"Timeline Group":"12 - 15 years"},"Child-Completed (145 months)":{"Title":"Child-Completed Sweep CCL - All Around Me","CM age":"145 months","Year":37755,"End Year":38477,"Sweep Comments":null,"Timeline Group":"12 - 15 years"},"School (Year 7)":{"Title":"School Sweep SJ - Questionnaire for Maths Teacher 2002\/3","CM age":"Year 7 (approx. 11-12 years)","Year":37795,"End Year":37795,"Sweep Comments":null,"Timeline Group":"12 - 15 years"},"Partner (12 years)":{"Title":"Partner Sweep PXA - Partner Adult Learning","CM age":"12 years","Year":38128,"End Year":38282,"Sweep Comments":null,"Timeline Group":"12 - 15 years"},"Child-Based (157 months)":{"Title":"Child-Based Sweep TA - My Teenage Son\/Daughter","CM age":"157 months","Year":38135,"End Year":38818,"Sweep Comments":null,"Timeline Group":"12 - 15 years"},"Child-Completed (157 months)":{"Title":"Child-Completed Sweep CCN - Reading and Singing","CM age":"157 months","Year":38135,"End Year":38818,"Sweep Comments":null,"Timeline Group":"12 - 15 years"},"School (Year 8)":{"Title":"School Sweep SL - Questionnaire for Maths Teacher 2004\/5","CM age":"Year 8 (approx. 12-13 years)","Year":38384,"End Year":38384,"Sweep Comments":null,"Timeline Group":"12 - 15 years"},"Child-Based (166 months)":{"Title":"Child-Based Sweep TB - Wellbeing of My Teenage Son\/Daughter","CM age":"166 months","Year":38503,"End Year":39069,"Sweep Comments":null,"Timeline Group":"12 - 15 years"},"Child-Completed (166 months)":{"Title":"Child-Completed Sweep CCP - Travelling, Leisure and School","CM age":"166 months","Year":38539,"End Year":39064,"Sweep Comments":null,"Timeline Group":"12 - 15 years"},"Child-Completed (167 months)":{"Title":"Child-Completed Sweep CCQ - Boys'\/Girls' Experiences, Thoughts and Behaviour","CM age":"167 months","Year":38622,"End Year":39112,"Sweep Comments":null,"Timeline Group":"12 - 15 years"},"Child-Completed (169 months)":{"Title":"Child-Completed Sweep CCR - Life of a Teenager","CM age":"169 months","Year":38729,"End Year":39154,"Sweep Comments":null,"Timeline Group":"12 - 15 years"},"Focus Clinic (12.5 years)":{"Title":"Teen Focus 1","CM age":"12.5 years","Year":38018,"End Year":38657,"Sweep Comments":"This sweep includes data collected via hands-on measurement at clinical assessment visits. These clinics were open to all members of the ALSPAC cohort. ","Timeline Group":"12 - 15 years"},"Focus Clinic (13.5 years)":{"Title":"Teen Focus 2","CM age":"13.5 years","Year":38353,"End Year":38961,"Sweep Comments":"This sweep includes data collected via hands-on measurement at clinical assessment visits. These clinics were open to all members of the ALSPAC cohort. ","Timeline Group":"12 - 15 years"},"Focus Clinic (15.5 years)":{"Title":"Teen Focus 3","CM age":"15.5 years","Year":38991,"End Year":39600,"Sweep Comments":"This sweep includes data collected via hands-on measurement at clinical assessment visits. These clinics were open to all members of the ALSPAC cohort. ","Timeline Group":"12 - 15 years"},"Child-Based (192 months)":{"Title":"Child-Completed Sweep CCXA - Year 11 Questionnaire for Young People","CM age":"192 months","Year":39163,"End Year":40137,"Sweep Comments":null,"Timeline Group":"16 - 20 years"},"Child-Completed (198 months)":{"Title":"Child-Completed Sweep CCS - Life of a 16+ Teenager","CM age":"198 months","Year":39356,"End Year":40026,"Sweep Comments":null,"Timeline Group":"16 - 20 years"},"Child-Completed (16 years)":{"Title":"Child-Completed Sweep CCXB - You and Your Friends","CM age":"16 years","Year":39539,"End Year":39569,"Sweep Comments":null,"Timeline Group":"16 - 20 years"},"Child-Based (198 months)":{"Title":"Child-Based Sweep TC - Your Son\/Daughter at 16+ Years","CM age":"198 months","Year":39722,"End Year":40057,"Sweep Comments":null,"Timeline Group":"16 - 20 years"},"Child-Completed (17.5 years)":{"Title":"Child-Completed Sweep CCXC - Internet Use","CM age":"17.5 years","Year":40238,"End Year":40452,"Sweep Comments":null,"Timeline Group":"16 - 20 years"},"Child-Completed (17.6 years)":{"Title":"Child-Completed Sweep CCXD - Plans and Aspirations (DCSF)","CM age":"17.6 years","Year":39783,"End Year":40513,"Sweep Comments":null,"Timeline Group":"16 - 20 years"},"Mother (16-18 years)":{"Title":"Mothers Questionnaire XB - About Eating","CM age":"16-18 years","Year":39995,"End Year":40210,"Sweep Comments":null,"Timeline Group":"16 - 20 years"},"Mother (18 years)":{"Title":"Mothers Sweep T - You & Your Life","CM age":"18 years","Year":40299,"End Year":40422,"Sweep Comments":null,"Timeline Group":"16 - 20 years"},"Child-Completed (18 years)":{"Title":"Child-Completed Sweep CCT - Your Changing Life","CM age":"18 years","Year":40422,"End Year":40664,"Sweep Comments":null,"Timeline Group":"16 - 20 years"},"Mother (20 years)":{"Title":"Mothers Sweep U - You & Your Study Young Person ","CM age":"20 years","Year":40787,"End Year":40942,"Sweep Comments":null,"Timeline Group":"16 - 20 years"},"Child-Based (234 months)":{"Title":"Child-Based Sweep TD - You and Your Study Young Person Aged 19+","CM age":"234 months","Year":40787,"End Year":40909,"Sweep Comments":null,"Timeline Group":"16 - 20 years"},"Child-Completed (19.6 years)":{"Title":"Child-Completed Sweep CCXF - You and Your Body","CM age":"19.6 years","Year":40787,"End Year":40909,"Sweep Comments":null,"Timeline Group":"16 - 20 years"},"Focus Clinic (17.5 years)":{"Title":"Teen Focus 4","CM age":"17.5 years","Year":39783,"End Year":40695,"Sweep Comments":"This sweep includes data collected via hands-on measurement at clinical assessment visits. These clinics were open to all members of the ALSPAC cohort. ","Timeline Group":"16 - 20 years"},"Focus Clinic - Mother (18 years)":{"Title":"Focus on Mothers 1","CM age":"18 years","Year":39783,"End Year":40725,"Sweep Comments":null,"Timeline Group":"16 - 20 years"},"Father (21-22 years)":{"Title":"Fathers Sweep FA - Focusing on You","CM age":"21-22 years","Year":40787,"End Year":41306,"Sweep Comments":null,"Timeline Group":"21 - 26 years"},"Mother (22 years)":{"Title":"Mothers Sweep V - Your Life in 2013","CM age":"22 years","Year":41153,"End Year":41974,"Sweep Comments":null,"Timeline Group":"21 - 26 years"},"Child-Completed (20 years)":{"Title":"Child-Completed Sweep CCU - It's All About You","CM age":"20 years","Year":41153,"End Year":41456,"Sweep Comments":null,"Timeline Group":"21 - 26 years"},"Child-Completed (21 years)":{"Title":"Child-Completed Sweep YPA - Your Life Now","CM age":"21 years","Year":41609,"End Year":41913,"Sweep Comments":null,"Timeline Group":"21 - 26 years"},"Child-Completed (22 years)":{"Title":"Child-Completed Sweep YPB - Life at 22+","CM age":"22 years","Year":41944,"End Year":42278,"Sweep Comments":null,"Timeline Group":"21 - 26 years"},"Child-Completed (23 years)":{"Title":"Child-Completed Sweep YPC - Me at 23+","CM age":"23 years","Year":42339,"End Year":42614,"Sweep Comments":null,"Timeline Group":"21 - 26 years"},"Child-Completed (24 years)":{"Title":"Child-Completed Sweep YPD - Life at 24+","CM age":"24 years","Year":42675,"End Year":42948,"Sweep Comments":null,"Timeline Group":"21 - 26 years"},"Child-Completed (25 years)":{"Title":"Child-Completed Sweep YPE - Life at 25+","CM age":"25 years","Year":43040,"End Year":43282,"Sweep Comments":null,"Timeline Group":"21 - 26 years"},"Mother (25 years)":{"Title":"Mothers Sweep W - Your Family History","CM age":"25 years","Year":43252,"End Year":43466,"Sweep Comments":null,"Timeline Group":"21 - 26 years"},"Child-Based (300 months)":{"Title":"Child-Based Sweep TE - You and Your Grandchildren","CM age":"300 months","Year":43252,"End Year":43466,"Sweep Comments":null,"Timeline Group":"21 - 26 years"},"Child-Completed (26 years)":{"Title":"Child-Completed Sweep YPF - Life at 26+","CM age":"26 years","Year":43405,"End Year":43586,"Sweep Comments":null,"Timeline Group":"21 - 26 years"},"Focus Clinic - Mother (21 years)":{"Title":"Focus on Mothers 2","CM age":"21 years","Year":40725,"End Year":41426,"Sweep Comments":null,"Timeline Group":"21 - 26 years"},"Focus Clinic - Father (21 years)":{"Title":"Focus on Fathers 1","CM age":"21 years","Year":40787,"End Year":41306,"Sweep Comments":null,"Timeline Group":"21 - 26 years"},"Focus Clinic - Mother (23 years)":{"Title":"Focus on Mothers 3","CM age":"23 years","Year":41334,"End Year":41699,"Sweep Comments":null,"Timeline Group":"21 - 26 years"},"Focus Clinic - Mother (24 years)":{"Title":"Focus on Mothers 4","CM age":"24 years","Year":41730,"End Year":42064,"Sweep Comments":null,"Timeline Group":"21 - 26 years"},"Focus Clinic (24 years)":{"Title":"Focus 24+","CM age":"24 years","Year":42156,"End Year":43009,"Sweep Comments":"This sweep includes data collected via hands-on measurement at clinical assessment visits. These clinics were open to all members of the ALSPAC cohort. ","Timeline Group":"21 - 26 years"},"Child-Completed (27 years)":{"Title":"Child-Completed Sweep YPG - Life at 27+","CM age":"27 years","Year":43770,"End Year":44013,"Sweep Comments":null,"Timeline Group":"COVID sweeps - 28 years"},"Mother (28 years)":{"Title":"Mothers Sweep Y - Parents 2020","CM age":"28 years","Year":43891,"End Year":44105,"Sweep Comments":null,"Timeline Group":"COVID sweeps - 28 years"},"Partner (28 years)":{"Title":"Partner Sweep Y - Parents 2020","CM age":"28 years","Year":43891,"End Year":44105,"Sweep Comments":null,"Timeline Group":"COVID sweeps - 28 years"},"Covid 1 (28 years)":{"Title":"Covid Questionnaire 1","CM age":"28 years","Year":43952,"End Year":43983,"Sweep Comments":null,"Timeline Group":"COVID sweeps - 28 years"},"Covid 2 (28 years)":{"Title":"Covid Questionnaire 2","CM age":"28 years","Year":43952,"End Year":44013,"Sweep Comments":null,"Timeline Group":"COVID sweeps - 28 years"},"Covid 3 (28 years)":{"Title":"Covid 3 (Antibody Testing)","CM age":"28 years","Year":44105,"End Year":44105,"Sweep Comments":null,"Timeline Group":"COVID sweeps - 28 years"},"Child-Completed (28 years)":{"Title":"Child-Completed Sweep YPH - Life at 28+","CM age":"28 years","Year":44166,"End Year":44197,"Sweep Comments":null,"Timeline Group":"COVID sweeps - 28 years"},"Covid 4 (28 years)":{"Title":"Covid Questionnaire 4","CM age":"28 years","Year":44166,"End Year":44228,"Sweep Comments":null,"Timeline Group":"COVID sweeps - 28 years"}},"AESOP-10":{"Baseline (1997-2000)":{"Title":"Baseline","CM age":"16-65 years","Year":1997,"End Year":2000,"Sweep Comments":null,"Timeline Group":null},"Follow up (2007-10)":{"Title":"Follow Up","CM age":"26-75 years","Year":2007,"End Year":2010,"Sweep Comments":null,"Timeline Group":null}},"BCS":{"Birth (1970)":{"Title":"BCS 1970","CM age":"Birth","Year":"1970","End Year":"1970","Sweep Comments":null,"Timeline Group":null},"Age 5 (1975)":{"Title":"BCS 1975","CM age":"5 years","Year":"1975","End Year":"1975","Sweep Comments":null,"Timeline Group":null},"Age 10 (1980)":{"Title":"BCS 1980","CM age":"10 years","Year":"1980","End Year":"1980","Sweep Comments":null,"Timeline Group":null},"Age 16 (1986)":{"Title":"BCS 1986","CM age":"16 years","Year":1986,"End Year":1986,"Sweep Comments":null,"Timeline Group":null},"Age 26 (1996)":{"Title":"BCS 1996","CM age":"26 years","Year":"1996","End Year":"1996","Sweep Comments":null,"Timeline Group":null},"Age 30 (2000)":{"Title":"BCS 2000","CM age":"30 years","Year":"2000","End Year":"2000","Sweep Comments":null,"Timeline Group":null},"Age 34 (2004)":{"Title":"BCS 2004","CM age":"34 years","Year":2004,"End Year":2004,"Sweep Comments":null,"Timeline Group":null},"Age 38 (2008)":{"Title":"BCS 2008","CM age":"38 years","Year":"2008","End Year":"2008","Sweep Comments":null,"Timeline Group":null},"Age 42 (2012)":{"Title":"BCS 2012","CM age":"42 years","Year":"2012","End Year":"2012","Sweep Comments":null,"Timeline Group":null},"Age 46-47 (2016-18)":{"Title":"BCS 2016","CM age":"46-47 years","Year":"2016","End Year":"2018","Sweep Comments":null,"Timeline Group":null},"Covid-19 Wave 1":{"Title":"Covid-19 Wave 1","CM age":"50 years","Year":43956,"End Year":43977,"Sweep Comments":"In total, 5,178 BCS70 cohort members responded to Wave 1 of the CLS Covid-19 survey.","Timeline Group":null},"Covid-19 Wave 2":{"Title":"Covid-19 Wave 2","CM age":"50 years","Year":44081,"End Year":44115,"Sweep Comments":"In total, 5,320 BCS70 cohort members responded to Wave 2 of the CLS Covid-19 survey.","Timeline Group":null},"Covid-19 Wave 3":{"Title":"Covid-19 Wave 3","CM age":"50 years","Year":44228,"End Year":44276,"Sweep Comments":"In total, 5,758 BCS70 cohort members responded to Wave 3 of the CLS Covid-19 survey.","Timeline Group":null}},"BiBBS":{"Birth (2016-20)":{"Title":"Baseline","CM age":"Birth","Year":"2016","End Year":"2020","Sweep Comments":null,"Timeline Group":null},"Covid-19 Adult Survey Wave 1":{"Title":"Covid-19 Adult Survey Wave 1","CM age":null,"Year":43922,"End Year":43983,"Sweep Comments":null,"Timeline Group":null},"Covid-19 Adult Survey Wave 2":{"Title":"Covid-19 Adult Survey Wave 2","CM age":null,"Year":44105,"End Year":44166,"Sweep Comments":null,"Timeline Group":null}},"NCDS":{"Birth (1958)":{"Title":"Perinatal Mortality Survey","CM age":"Birth","Year":1958,"End Year":1958,"Sweep Comments":" ","Timeline Group":null},"Age 7 (1965)":{"Title":"NCDS1","CM age":"7 years","Year":1965,"End Year":1965,"Sweep Comments":null,"Timeline Group":null},"Age 11 (1969)":{"Title":"NCDS2","CM age":"11 years","Year":1969,"End Year":1969,"Sweep Comments":null,"Timeline Group":null},"Age 16 (1974)":{"Title":"NCDS3","CM age":"16 years","Year":1974,"End Year":1974,"Sweep Comments":null,"Timeline Group":null},"Age 23 (1981)":{"Title":"NCDS4","CM age":"23 years","Year":1981,"End Year":1981,"Sweep Comments":null,"Timeline Group":null},"Age 33 (1991)":{"Title":"NCDS5","CM age":"33 years","Year":1991,"End Year":1991,"Sweep Comments":null,"Timeline Group":null},"Age 42 (2000)":{"Title":"NCDS6","CM age":"42 years","Year":2000,"End Year":2000,"Sweep Comments":null,"Timeline Group":null},"Age 44 (2002)":{"Title":"Biomedical Survey","CM age":"44 years","Year":2002,"End Year":2002,"Sweep Comments":null,"Timeline Group":null},"Age 46 (2004)":{"Title":"Telephone interview","CM age":"46 years","Year":2004,"End Year":2004,"Sweep Comments":null,"Timeline Group":null},"Age 50 (2008)":{"Title":"NCDS8","CM age":"50 years","Year":2008,"End Year":2008,"Sweep Comments":null,"Timeline Group":null},"Age 55 (2013)":{"Title":"NCDS9","CM age":"55 years","Year":2013,"End Year":2013,"Sweep Comments":null,"Timeline Group":null},"Age 62 (2020)":{"Title":"NCDS10","CM age":"62 years","Year":43831,"End Year":44896,"Sweep Comments":null,"Timeline Group":null},"Covid-19 Survey 1":{"Title":"Covid-19 Survey 1","CM age":"62 years","Year":43955,"End Year":43977,"Sweep Comments":"In total, 5,178 NCDS cohort members responded to Wave 1 of the CLS Covid-19 survey.","Timeline Group":null},"Covid-19 Survey 2":{"Title":"Covid-19 Survey 2","CM age":"62 years","Year":44081,"End Year":44115,"Sweep Comments":"In total, 6,282 NCDS cohort members responded to Wave 2 of the CLS Covid-19 survey.","Timeline Group":null},"Covid-19 Survey 3":{"Title":"Covid-19 Survey 3","CM age":"62 years","Year":44228,"End Year":44276,"Sweep Comments":"In total, 6,809 NCDS cohort members responded to Wave 3 of the CLS Covid-19 survey.","Timeline Group":null}},"MCS":{"9 months (2001-2)":{"Title":"MCS1","CM age":"9 months","Year":"2001","End Year":"2002","Sweep Comments":null,"Timeline Group":null},"Age 3 (2004-5)":{"Title":"MCS2","CM age":"3 years","Year":"2004","End Year":"2005","Sweep Comments":null,"Timeline Group":null},"Age 5 (2006)":{"Title":"MCS3","CM age":"5 years","Year":"2006","End Year":"2006","Sweep Comments":null,"Timeline Group":null},"Age 7 (2008)":{"Title":"MCS4","CM age":"7 years","Year":"2008","End Year":"2008","Sweep Comments":null,"Timeline Group":null},"Age 11 (2012-13)":{"Title":"MCS5","CM age":"11 years","Year":"2012","End Year":"2013","Sweep Comments":null,"Timeline Group":null},"Age 14 (2015-16)":{"Title":"MCS6","CM age":"14 years","Year":"2015","End Year":"2016","Sweep Comments":null,"Timeline Group":null},"Age 17 (2018-19)":{"Title":"MCS7","CM age":"17 years","Year":2018,"End Year":2019,"Sweep Comments":null,"Timeline Group":null},"Covid-19 Survey 1":{"Title":"Covid-19 Survey 1","CM age":"20 years","Year":43956,"End Year":43977,"Sweep Comments":"In total, 2,645 MCS cohort members, in addition to 2,831 parents, responded to Wave 1 of the CLS Covid-19 survey.","Timeline Group":null},"Covid-19 Survey 2":{"Title":"Covid-19 Survey 2","CM age":"20 years","Year":44081,"End Year":44115,"Sweep Comments":"In total, 3,274 MCS cohort members, in addition to 5,707 parents, responded to Wave 2 of the CLS Covid-19 survey.","Timeline Group":null},"Covid-19 Survey 3":{"Title":"Covid-19 Survey 3","CM age":"20 years","Year":44228,"End Year":44276,"Sweep Comments":"In total, 4,474 MCS cohort members, in addition to 5,251 parents, responded to Wave 3 of the CLS Covid-19 survey.","Timeline Group":null}},"LSYPE":{"Age 14 (2004)":{"Title":"Wave 1 ","CM age":"Age 14","Year":2004,"End Year":2004,"Sweep Comments":null,"Timeline Group":null},"Age 15 (2005)":{"Title":"Wave 2","CM age":"Age 15","Year":2005,"End Year":2005,"Sweep Comments":null,"Timeline Group":null},"Age 16 (2006)":{"Title":"Wave 3","CM age":"Age 16","Year":2006,"End Year":2006,"Sweep Comments":null,"Timeline Group":null},"Age 17 (2007)":{"Title":"Wave 4","CM age":"Age 17","Year":"2007","End Year":"2007","Sweep Comments":null,"Timeline Group":null},"Age 18 (2008)":{"Title":"Wave 5 ","CM age":"Age 18","Year":"2008","End Year":"2008","Sweep Comments":null,"Timeline Group":null},"Age 19 (2009)":{"Title":"Wave 6 ","CM age":"Age 19","Year":"2009","End Year":"2009","Sweep Comments":null,"Timeline Group":null},"Age 20 (2010)":{"Title":"Wave 7","CM age":"Age 20","Year":"2010","End Year":"2010","Sweep Comments":null,"Timeline Group":null},"Age 25 (2015)":{"Title":"Age 25 Survey (Wave 8)","CM age":"Age 25","Year":"2015","End Year":"2015","Sweep Comments":null,"Timeline Group":null},"Covid-19 Survey 1":{"Title":"Covid-19 Survey 1","CM age":"30 years","Year":43959,"End Year":43977,"Sweep Comments":"In total, 3,664 Next Steps cohort members responded to Wave 2 of the CLS Covid-19 survey.","Timeline Group":null},"Covid-19 Survey 2":{"Title":"Covid-19 Survey 2","CM age":"30 years","Year":44081,"End Year":44115,"Sweep Comments":"In total, 3,664 Next Steps cohort members responded to Wave 2 of the CLS Covid-19 survey.","Timeline Group":null},"Covid-19 Survey 3":{"Title":"Covid-19 Survey 3","CM age":"30 years","Year":44228,"End Year":44276,"Sweep Comments":"In total, 4,239 Next Steps cohort members responded to Wave 3 of the CLS Covid-19 survey.","Timeline Group":null}},"MWS":{"Age 50-64 (1996-2001)":{"Title":"Recruitment Survey","CM age":"50-64","Year":1996,"End Year":2001,"Sweep Comments":null,"Timeline Group":null},"Age 53-67 (1999-2005)":{"Title":"3-year Re-Survey","CM age":"53-67","Year":1999,"End Year":2005,"Sweep Comments":null,"Timeline Group":null},"Age 58-72 (2006-7)":{"Title":"8-year Re-Survey","CM age":"58-72","Year":2006,"End Year":2007,"Sweep Comments":null,"Timeline Group":null},"Age 62-76 (2009-12)":{"Title":"12-year Re-Survey","CM age":"62-76","Year":2009,"End Year":2012,"Sweep Comments":null,"Timeline Group":null},"Age 65-79 (2013-14)":{"Title":"15-year Re-Survey","CM age":"65-79","Year":2013,"End Year":2014,"Sweep Comments":null,"Timeline Group":null}},"ELSA":{"2002-3 (Wave 1)":{"Title":"Wave 1","CM age":"50+ years","Year":2002,"End Year":2003,"Sweep Comments":null,"Timeline Group":null},"2004-5 (Wave 2)":{"Title":"Wave 2","CM age":"50+ years","Year":2004,"End Year":2005,"Sweep Comments":null,"Timeline Group":null},"2006-7 (Wave 3)":{"Title":"Wave 3","CM age":"50+ years","Year":2006,"End Year":2007,"Sweep Comments":null,"Timeline Group":null},"2008-9 (Wave 4)":{"Title":"Wave 4","CM age":"50+ years","Year":2008,"End Year":2009,"Sweep Comments":null,"Timeline Group":null},"2010-11 (Wave 5)":{"Title":"Wave 5","CM age":"50+ years","Year":2010,"End Year":2011,"Sweep Comments":null,"Timeline Group":null},"2012-13 (Wave 6)":{"Title":"Wave 6","CM age":"50+ years","Year":2012,"End Year":2013,"Sweep Comments":null,"Timeline Group":null},"2014-15 (Wave 7)":{"Title":"Wave 7","CM age":"50+ years","Year":2014,"End Year":2015,"Sweep Comments":null,"Timeline Group":null},"2016-7 (Wave 8)":{"Title":"Wave 8","CM age":"50+ years","Year":2016,"End Year":2017,"Sweep Comments":null,"Timeline Group":null},"2018-9 (Wave 9)":{"Title":"Wave 9","CM age":"50+ years","Year":2018,"End Year":2019,"Sweep Comments":null,"Timeline Group":null},"COVID-19 Wave 1":{"Title":"COVID-19 Substudy (Wave 1)","CM age":"50+ years","Year":43983,"End Year":44013,"Sweep Comments":null,"Timeline Group":null},"COVID-19 Wave 2":{"Title":"COVID-19 Substudy (Wave 2)","CM age":"50+ years","Year":44136,"End Year":44166,"Sweep Comments":null,"Timeline Group":null}},"DASH":{"Age 11-13 (2003-4)":{"Title":"Wave 1","CM age":"11-13 years","Year":2003,"End Year":2004,"Sweep Comments":null,"Timeline Group":null},"Age 14-16 (2005-6)":{"Title":"Wave 2","CM age":"14-16 years","Year":2005,"End Year":2006,"Sweep Comments":null,"Timeline Group":null},"Age 21-23 (2011-12)":{"Title":"Wave 3 Feasibility","CM age":"21-23 years","Year":2011,"End Year":2012,"Sweep Comments":null,"Timeline Group":null}},"HEAF":{"Age 50-64 (2013-14)":{"Title":"Baseline","CM age":"50-64 years","Year":2013,"End Year":2014,"Sweep Comments":null,"Timeline Group":null},"Age 51-65 (2014-15)":{"Title":"Follow Up 1","CM age":"51-65 years","Year":2014,"End Year":2015,"Sweep Comments":null,"Timeline Group":null},"Age 52-66 (2015-16)":{"Title":"Follow Up 2","CM age":"52-66 years","Year":2015,"End Year":2016,"Sweep Comments":null,"Timeline Group":null},"Age 53-67 (2016-17)":{"Title":"Follow Up 3","CM age":"53-67 years","Year":2016,"End Year":2017,"Sweep Comments":null,"Timeline Group":null},"Age 54-68 (2017-18)":{"Title":"Follow Up 4","CM age":"54-68 years","Year":2017,"End Year":2018,"Sweep Comments":null,"Timeline Group":null}},"LBC1921":{"Age 10-11 (1932)":{"Title":"Historical data - Scottish Mental Survey 1932","CM age":"10-11 years","Year":1932,"End Year":1932,"Sweep Comments":null,"Timeline Group":null},"Age 79 (1999-2001)":{"Title":"Wave 1","CM age":"79 years","Year":1999,"End Year":2001,"Sweep Comments":null,"Timeline Group":null},"Age 83-84 (2003-2005)":{"Title":"Wave 2","CM age":"83-84 years","Year":2003,"End Year":2005,"Sweep Comments":null,"Timeline Group":null},"Age 86-87 (2007-2008)":{"Title":"Wave 3","CM age":"86-87 years","Year":2007,"End Year":2008,"Sweep Comments":null,"Timeline Group":null},"Age 90 (2011-12)":{"Title":"Wave 4 ","CM age":"90 years ","Year":2011,"End Year":2012,"Sweep Comments":null,"Timeline Group":null},"Age 92 (2013)":{"Title":"Wave 5","CM age":"92 years","Year":2013,"End Year":2013,"Sweep Comments":null,"Timeline Group":null}},"LBC1936":{"Age 10-11 (1947)":{"Title":"Scottish Mental Survey 1947","CM age":"10-11 years","Year":1947,"End Year":1947,"Sweep Comments":null,"Timeline Group":null},"Age 69-70 (2004-07)":{"Title":"Wave 1","CM age":"69-70 years","Year":2004,"End Year":2007,"Sweep Comments":null,"Timeline Group":null},"Age 72-73 (2007-10)":{"Title":"Wave 2 ","CM age":"72-73 years","Year":2007,"End Year":2010,"Sweep Comments":null,"Timeline Group":null},"Age 76 (2011-13)":{"Title":"Wave 3","CM age":"76 years","Year":2011,"End Year":2013,"Sweep Comments":null,"Timeline Group":null},"Age 79 (2014-17)":{"Title":"Wave 4","CM age":"79 years","Year":2014,"End Year":2017,"Sweep Comments":null,"Timeline Group":null},"Age 82 (2017-19)":{"Title":"Wave 5","CM age":"82 years","Year":2017,"End Year":2019,"Sweep Comments":null,"Timeline Group":null},"Age 86 (2021)":{"Title":"Wave 6","CM age":"86 years","Year":2021,"End Year":2021,"Sweep Comments":null,"Timeline Group":null}},"SELCoH":{"2008-10 (Phase 1)":{"Title":"Phase 1 ","CM age":"16 years +","Year":2008,"End Year":2010,"Sweep Comments":null,"Timeline Group":null},"2011-13 (Phase 2)":{"Title":"Phase 2","CM age":"19 years +","Year":2011,"End Year":2013,"Sweep Comments":null,"Timeline Group":null},"2015-16 (Phase 3)":{"Title":"Phase 3","CM age":"21 years +","Year":2015,"End Year":2016,"Sweep Comments":null,"Timeline Group":null}},"REACH":{"Age 11-14 (2016-17)":{"Title":"Baseline","CM age":"11 - 14 years","Year":2016,"End Year":2017,"Sweep Comments":null,"Timeline Group":null},"Age 12-15 (2017-18)":{"Title":"Follow Up 1","CM age":"12 - 15 years","Year":2017,"End Year":2018,"Sweep Comments":null,"Timeline Group":null},"Age 13-16 (2018-19)":{"Title":"Follow Up 2","CM age":"13-16 years","Year":2018,"End Year":2019,"Sweep Comments":null,"Timeline Group":null},"Age 14-17 (2020)":{"Title":"Follow Up 3 (Time 4)","CM age":"14 - 17 years","Year":43952,"End Year":44074,"Sweep Comments":"This wave of REACH (Time 4) focuses on the impact of the Covid-19 pandemic on young people\u2019s mental health.","Timeline Group":null}},"UKHLS":{"1991 (Wave B1)":{"Title":"B1 \n(BHPS Wave 1)","CM age":"16 years +","Year":1991,"End Year":1991,"Sweep Comments":null,"Timeline Group":"BHPS Waves (1991-2008)"},"1992 (Wave B2)":{"Title":"B2\n(BHPS Wave 2)","CM age":"16 years +","Year":1992,"End Year":1992,"Sweep Comments":null,"Timeline Group":"BHPS Waves (1991-2008)"},"1993 (Wave B3)":{"Title":"B3\n(BHPS Wave 3)","CM age":"16 years +","Year":1993,"End Year":1993,"Sweep Comments":null,"Timeline Group":"BHPS Waves (1991-2008)"},"1994 (Wave B4)":{"Title":"B4\n(BHPS Wave 4)","CM age":"11-15 years","Year":1994,"End Year":1994,"Sweep Comments":null,"Timeline Group":"BHPS Waves (1991-2008)"},"1995 (Wave B5)":{"Title":"B5\n(BHPS Wave 5)","CM age":"11-15 years","Year":1995,"End Year":1995,"Sweep Comments":null,"Timeline Group":"BHPS Waves (1991-2008)"},"1996 (Wave B6)":{"Title":"B6\n(BHPS Wave 6)","CM age":"11-15 years","Year":1996,"End Year":1996,"Sweep Comments":null,"Timeline Group":"BHPS Waves (1991-2008)"},"1997 (Wave B7)":{"Title":"B7\n(BHPS Wave 7)","CM age":"11-15 years","Year":1997,"End Year":1997,"Sweep Comments":null,"Timeline Group":"BHPS Waves (1991-2008)"},"1998 (Wave B8)":{"Title":"B8\n(BHPS Wave 8)","CM age":"11-15 years","Year":1998,"End Year":1998,"Sweep Comments":null,"Timeline Group":"BHPS Waves (1991-2008)"},"1999 (Wave B9)":{"Title":"B9\n(BHPS Wave 9)","CM age":"11-15 years","Year":1999,"End Year":1999,"Sweep Comments":null,"Timeline Group":"BHPS Waves (1991-2008)"},"2000 (Wave B10)":{"Title":"B10\n(BHPS Wave 10)","CM age":"11-15 years","Year":2000,"End Year":2000,"Sweep Comments":null,"Timeline Group":"BHPS Waves (1991-2008)"},"2001 (Wave B11)":{"Title":"B11\n(BHPS Wave 11)","CM age":"11-15 years","Year":2001,"End Year":2001,"Sweep Comments":null,"Timeline Group":"BHPS Waves (1991-2008)"},"2002 (Wave B12)":{"Title":"B12\n(BHPS Wave 12)","CM age":"11-15 years","Year":2002,"End Year":2002,"Sweep Comments":null,"Timeline Group":"BHPS Waves (1991-2008)"},"2003 (Wave B13)":{"Title":"B13\n(BHPS Wave 13)","CM age":"11-15 years","Year":2003,"End Year":2003,"Sweep Comments":null,"Timeline Group":"BHPS Waves (1991-2008)"},"2004 (Wave B14)":{"Title":"B14\n(BHPS Wave 14)","CM age":"11-15 years","Year":2004,"End Year":2004,"Sweep Comments":null,"Timeline Group":"BHPS Waves (1991-2008)"},"2005 (Wave B15)":{"Title":"B15\n(BHPS Wave 15)","CM age":"11-15 years","Year":2005,"End Year":2005,"Sweep Comments":null,"Timeline Group":"BHPS Waves (1991-2008)"},"2006 (Wave B16)":{"Title":"B16\n(BHPS Wave 16)","CM age":"11-15 years","Year":2006,"End Year":2006,"Sweep Comments":null,"Timeline Group":"BHPS Waves (1991-2008)"},"2007 (Wave B17)":{"Title":"B17\n(BHPS Wave 17)","CM age":"11-15 years","Year":2007,"End Year":2007,"Sweep Comments":null,"Timeline Group":"BHPS Waves (1991-2008)"},"2008 (Wave B18)":{"Title":"B18\n(BHPS Wave 18)","CM age":"11-15 years","Year":2008,"End Year":2008,"Sweep Comments":null,"Timeline Group":"BHPS Waves (1991-2008)"},"2009-11 (Wave 1)":{"Title":"Wave 1","CM age":"10-16","Year":2009,"End Year":2011,"Sweep Comments":null,"Timeline Group":"Understanding Society Waves (2009 - present)"},"2010-12 (Wave 2)":{"Title":"Wave 2","CM age":"10-16","Year":2010,"End Year":2012,"Sweep Comments":null,"Timeline Group":"Understanding Society Waves (2009 - present)"},"2011-13 (Wave 3)":{"Title":"Wave 3","CM age":"10-16","Year":2011,"End Year":2013,"Sweep Comments":null,"Timeline Group":"Understanding Society Waves (2009 - present)"},"2012-14 (Wave 4)":{"Title":"Wave 4","CM age":"10-16","Year":2012,"End Year":2014,"Sweep Comments":null,"Timeline Group":"Understanding Society Waves (2009 - present)"},"2013-15 (Wave 5)":{"Title":"Wave 5","CM age":"10-16","Year":2013,"End Year":2015,"Sweep Comments":null,"Timeline Group":"Understanding Society Waves (2009 - present)"},"2014-16 (Wave 6)":{"Title":"Wave 6","CM age":"10-16","Year":2014,"End Year":2016,"Sweep Comments":null,"Timeline Group":"Understanding Society Waves (2009 - present)"},"2015-17 (Wave 7)":{"Title":"Wave 7","CM age":"10-16","Year":2015,"End Year":2017,"Sweep Comments":null,"Timeline Group":"Understanding Society Waves (2009 - present)"},"2016-2018 (Wave 8)":{"Title":"Wave 8","CM age":"10-16","Year":2016,"End Year":2018,"Sweep Comments":null,"Timeline Group":"Understanding Society Waves (2009 - present)"},"2017-2019 (Wave 9)":{"Title":"Wave 9","CM age":"10-16","Year":2017,"End Year":2019,"Sweep Comments":null,"Timeline Group":"Understanding Society Waves (2009 - present)"},"2018-2020 (Wave 10)":{"Title":"Wave 10","CM age":"10-16","Year":2018,"End Year":2020,"Sweep Comments":null,"Timeline Group":"Understanding Society Waves (2009 - present)"},"2019-2021 (Wave 11)":{"Title":"Wave 11","CM age":"16+","Year":2019,"End Year":2021,"Sweep Comments":null,"Timeline Group":"Understanding Society Waves (2009 - present)"}},"IMAGEN":{"Age 14 (2008-10)":{"Title":"Baseline","CM age":"Age 14","Year":2008,"End Year":2010,"Sweep Comments":null,"Timeline Group":null},"Age 16 (2011-12)":{"Title":"First Follow-Up","CM age":"Age 16","Year":2011,"End Year":2012,"Sweep Comments":null,"Timeline Group":null},"Age 19 (2013-15)":{"Title":"Second Follow-Up","CM age":"Age 19","Year":2013,"End Year":2015,"Sweep Comments":null,"Timeline Group":null},"Age 22 (2016-19)":{"Title":"Third Follow-Up","CM age":"Age 22","Year":2016,"End Year":2019,"Sweep Comments":null,"Timeline Group":null}},"GSSFHS":{"2006-09 (Phase 1 Pre-Clinical Questionnaire)":{"Title":"Phase 1 Pre-Clinical Questionnaire","CM age":"18-98 years","Year":2006,"End Year":2009,"Sweep Comments":null,"Timeline Group":null},"2006-11 (Clinical Interview - Phase 1 & 2)":{"Title":"Clinical Interview (Phase 1 & 2)","CM age":"18-98 years","Year":2006,"End Year":2011,"Sweep Comments":null,"Timeline Group":null},"2009-11 (Phase 2 Pre-Clinical Questionnaire)":{"Title":"Phase 2 Pre-Clinical Questionnaire","CM age":"18-98 years","Year":2009,"End Year":2011,"Sweep Comments":null,"Timeline Group":null},"2015-17 (STRADL)":{"Title":"Stratifying Resilience and Depression Longitudinally (STRADL)","CM age":"22 years +","Year":2015,"End Year":2017,"Sweep Comments":null,"Timeline Group":null},"2018-19 (STRADL Phase 2)":{"Title":"Stratifying Resilience and Depression Longitudinally (STRADL) Phase 2","CM age":"25 years +","Year":2018,"End Year":2019,"Sweep Comments":null,"Timeline Group":null},"CovidLife  1":{"Title":"CovidLife Survey 1","CM age":"25+ years","Year":43938,"End Year":43958,"Sweep Comments":null,"Timeline Group":null},"CovidLife  2":{"Title":"CovidLife Survey 2","CM age":"25+ years","Year":44013,"End Year":44013,"Sweep Comments":null,"Timeline Group":null},"Teen CovidLife  1":{"Title":"Teen CovidLife Survey 1","CM age":"12-17 years","Year":43973,"End Year":44017,"Sweep Comments":null,"Timeline Group":null},"Teen CovidLife  2":{"Title":"Teen CovidLife Survey 2","CM age":"12-17 years","Year":44044,"End Year":44105,"Sweep Comments":null,"Timeline Group":null}},"BiB":{"26-28 weeks gestation (2007)":{"Title":"Baseline","CM age":"Antenatal - birth","Year":"2007","End Year":"2007","Sweep Comments":null,"Timeline Group":null},"6 months (2009-10)":{"Title":"6 month questionnaire","CM age":"6 months","Year":"2009","End Year":"2010","Sweep Comments":null,"Timeline Group":null},"12 months (2010)":{"Title":"12 month questionnaire","CM age":"12 months","Year":"2010","End Year":"2010","Sweep Comments":null,"Timeline Group":null},"18 months (2010)":{"Title":"18 month questionnaire","CM age":"18 months","Year":"2010","End Year":"2010","Sweep Comments":null,"Timeline Group":null},"24 months (2011)":{"Title":"24 month questionnaire","CM age":"24 months","Year":"2011","End Year":"2011","Sweep Comments":null,"Timeline Group":null},"36 months (2012)":{"Title":"36 month questionnaire","CM age":"36 months","Year":"2012","End Year":"2012","Sweep Comments":null,"Timeline Group":null},"Age 5 (2015)":{"Title":"Starting School","CM age":"5 years","Year":"2015","End Year":"2015","Sweep Comments":null,"Timeline Group":null},"12 months - All In Allergy & Infection (2010)":{"Title":"All In (Allergy & Infection) - 12 months","CM age":"23-27 months","Year":"2010","End Year":"2010","Sweep Comments":null,"Timeline Group":null},"24 months - All In Allergy & Infection (2011)":{"Title":"All In (Allergy & Infection) - 24 months","CM age":"23-27 months","Year":"2011","End Year":"2011","Sweep Comments":null,"Timeline Group":null},"Age 4-5 - MedALL (2013-14)":{"Title":"MedALL","CM age":"4-5 years","Year":"2013","End Year":"2014","Sweep Comments":null,"Timeline Group":null},"Covid-19 Adult Survey Wave 1":{"Title":"Covid-19 Adult Survey Wave 1","CM age":"10 years","Year":43952,"End Year":43983,"Sweep Comments":null,"Timeline Group":null},"Covid-19 Child Survey Wave 1":{"Title":"Covid-19 Child Survey Wave 1","CM age":"10 years","Year":43952,"End Year":43983,"Sweep Comments":null,"Timeline Group":null},"Covid-19 Adult Survey Wave 2":{"Title":"Covid-19 Adult Survey Wave 2","CM age":"10 years","Year":44105,"End Year":44166,"Sweep Comments":null,"Timeline Group":null},"Covid-19 Child Survey Wave 2":{"Title":"Covid-19 Child Survey Wave 2","CM age":"10 years","Year":44105,"End Year":44166,"Sweep Comments":null,"Timeline Group":null}},"GUSBC1":{"Age 0-1 (2005-06)":{"Title":"BC1 & CC1 Sweep 1","CM age":"0-1 years","Year":"2005","End Year":"2006","Sweep Comments":null,"Timeline Group":null},"Age 1-2 (2006-07)":{"Title":"BC1 & CC1 Sweep 2","CM age":"1-2 years","Year":"2006","End Year":"2007","Sweep Comments":null,"Timeline Group":null},"Age 2-3 (2007-08)":{"Title":"BC1 & CC1 Sweep 3","CM age":"2-3 years","Year":"2007","End Year":"2008","Sweep Comments":null,"Timeline Group":null},"Age 3-4 (2008-09)":{"Title":"BC1 & CC1 Sweep 4","CM age":"3-4 years","Year":"2008","End Year":"2009","Sweep Comments":null,"Timeline Group":null},"Age 4-5 (2009-10)":{"Title":"BC1 \nSweep 5","CM age":"4-5 years","Year":"2009","End Year":"2010","Sweep Comments":null,"Timeline Group":null},"Age 5-6 (2010-11)":{"Title":"BC1 \nSweep 6","CM age":"5-6 years","Year":"2010","End Year":"2011","Sweep Comments":null,"Timeline Group":null},"Age 7-8 (2012-13)":{"Title":"BC1 \nSweep 7","CM age":"7-8 years","Year":"2012","End Year":"2013","Sweep Comments":null,"Timeline Group":null},"Age 9-10 (2014-15)":{"Title":"BC1 \nSweep 8","CM age":"9-10 years","Year":"2014","End Year":"2015","Sweep Comments":null,"Timeline Group":null},"Age 12 (2016)":{"Title":"BC1 \nSweep 9","CM age":"12 years","Year":"2016","End Year":"2016","Sweep Comments":null,"Timeline Group":null},"Age 14\/15 (2019)":{"Title":"BC1 Sweep 10","CM age":"14-15 years","Year":2019,"End Year":2020,"Sweep Comments":"Some participants initially completed face-to-face interviews. However, due to the restrictions of the Covid-19 pandemic, face-to-face interviews were subsequently replaced by online (CAWI) and telephone (CATI) questionnaires.\n ","Timeline Group":null}},"GUSCC1":{"Age 2-3 (2005-06)":{"Title":"BC1 & CC1 Sweep 1","CM age":"2-3 years","Year":"2005","End Year":"2006","Sweep Comments":null,"Timeline Group":null},"Age 3-4 (2006-07)":{"Title":"BC1 & CC1 Sweep 2","CM age":"3-4 years","Year":"2006","End Year":"2007","Sweep Comments":null,"Timeline Group":null},"Age 4-5 (2007-08)":{"Title":"BC1 & CC1 Sweep 3","CM age":"4-5 years","Year":"2007","End Year":"2008","Sweep Comments":null,"Timeline Group":null},"Age 5-6 (2008-09)":{"Title":"BC1 & CC1 Sweep 4","CM age":"5-6 years","Year":"2008","End Year":"2009","Sweep Comments":null,"Timeline Group":null}},"GUSBC2":{"10 months (2011-12)":{"Title":"BC2 \nSweep 1","CM age":"10 months","Year":"2011","End Year":"2012","Sweep Comments":null,"Timeline Group":null},"Age 3 (2013)":{"Title":"BC2 \nSweep 2","CM age":"3 years (BC2)","Year":2013,"End Year":2013,"Sweep Comments":null,"Timeline Group":null},"Age 5 (2015)":{"Title":"BC2 \nSweep 3","CM age":"5 years \n(BC2)","Year":"2015","End Year":"2015","Sweep Comments":null,"Timeline Group":null}},"TwinsUK":{"Baseline Health Questionnaire (2004-13)":{"Title":"TwinsUK Baseline Health Questionnaire","CM age":"18 years +","Year":2004,"End Year":2013,"Sweep Comments":null,"Timeline Group":null},"Twins Questionnaire 2005":{"Title":"Twins Questionnaire 2005","CM age":"18 years +","Year":2005,"End Year":2005,"Sweep Comments":null,"Timeline Group":null},"Twin Health Questionnaire 2006":{"Title":"Twins Questionnaire","CM age":"18 years +","Year":2006,"End Year":2006,"Sweep Comments":null,"Timeline Group":null},"Autumn 2009 DTR Questionnaire":{"Title":"Autumn DTR Questionnaire","CM age":"18 years +","Year":2009,"End Year":2009,"Sweep Comments":null,"Timeline Group":null},"Autumn 2010 DTR Questionnaire":{"Title":"Autumn 2010 DTR Questionnaire","CM age":"18 years +","Year":2010,"End Year":2010,"Sweep Comments":null,"Timeline Group":null},"Winter 2012 DTR Questionnaire":{"Title":"Winter 2012 DTR Questionnaire","CM age":"18 years +","Year":2012,"End Year":2012,"Sweep Comments":null,"Timeline Group":null},"Winter 2013 DTR Questionnaire":{"Title":"Winter 2013 TwinsUK Questionnaire","CM age":"18 years +","Year":2013,"End Year":2013,"Sweep Comments":null,"Timeline Group":null},"BCQ 2017":{"Title":"BCQ","CM age":"18 years +","Year":2016,"End Year":2017,"Sweep Comments":null,"Timeline Group":null},"LCQ 2017":{"Title":"LCQ","CM age":"18 years +","Year":2017,"End Year":2017,"Sweep Comments":null,"Timeline Group":null}},"NSHD":{"Birth (1946)":{"Title":"Maternity Survey","CM age":"Birth","Year":1946,"End Year":1946,"Sweep Comments":null,"Timeline Group":"Birth - 4 years"},"1 year (1946)":{"Title":"Supplementary questionnaire for the inquiry into prematurity","CM age":"1 year","Year":1947,"End Year":1947,"Sweep Comments":null,"Timeline Group":"Birth - 4 years"},"2 years (1948)":{"Title":"1948 Follow-up survey","CM age":"2 years","Year":1948,"End Year":1948,"Sweep Comments":null,"Timeline Group":"Birth - 4 years"},"4 years (1950)":{"Title":"Second Follow-up Survey","CM age":"4 years","Year":1950,"End Year":1950,"Sweep Comments":null,"Timeline Group":"Birth - 4 years"},"6 years (1952)":{"Title":"1952 Follow-up","CM age":"6 years","Year":1952,"End Year":1952,"Sweep Comments":null,"Timeline Group":"6-18 years"},"7 years (1953)":{"Title":"1953 Follow-up","CM age":"7 years","Year":1953,"End Year":1953,"Sweep Comments":null,"Timeline Group":"6-18 years"},"8 years (1954)":{"Title":"1954 Follow-up","CM age":"8 years","Year":1954,"End Year":1954,"Sweep Comments":null,"Timeline Group":"6-18 years"},"9 years (1955)":{"Title":"1955 Follow-up","CM age":"9 years","Year":1955,"End Year":1955,"Sweep Comments":null,"Timeline Group":"6-18 years"},"10 years (1956)":{"Title":"1956 Follow-up","CM age":"10 years","Year":1956,"End Year":1956,"Sweep Comments":null,"Timeline Group":"6-18 years"},"11 years (1957)":{"Title":"1957 Follow-up","CM age":"11 years","Year":1957,"End Year":1957,"Sweep Comments":null,"Timeline Group":"6-18 years"},"13 years (1959)":{"Title":"1959 Follow-up","CM age":"13 years","Year":1959,"End Year":1959,"Sweep Comments":null,"Timeline Group":"6-18 years"},"15 years (1961)":{"Title":"1961 Follow-up","CM age":"15 years","Year":1961,"End Year":1961,"Sweep Comments":null,"Timeline Group":"6-18 years"},"16 years (1962)":{"Title":"1962 Follow-up","CM age":"16 years","Year":1962,"End Year":1962,"Sweep Comments":null,"Timeline Group":"6-18 years"},"17 years (1963)":{"Title":"1963 Follow-up","CM age":"17 years","Year":1963,"End Year":1963,"Sweep Comments":null,"Timeline Group":"6-18 years"},"18 years (1964)":{"Title":"1964 Follow-up","CM age":"18 years","Year":1964,"End Year":1964,"Sweep Comments":null,"Timeline Group":"6-18 years"},"19 years (1965)":{"Title":"1965 Follow-up","CM age":"19 years","Year":1965,"End Year":1965,"Sweep Comments":null,"Timeline Group":"19-26 years"},"20 years (1966)":{"Title":"1966 Follow-up","CM age":"20 years","Year":1966,"End Year":1966,"Sweep Comments":null,"Timeline Group":"19-26 years"},"22 years (1968)":{"Title":"1968 Follow-up","CM age":"22 years","Year":1968,"End Year":1968,"Sweep Comments":null,"Timeline Group":"19-26 years"},"23 years (1969)":{"Title":"1969 Follow-up","CM age":"23 years","Year":1969,"End Year":1969,"Sweep Comments":null,"Timeline Group":"19-26 years"},"24 years (1970)":{"Title":"1970 Follow-up (education providers contacted)","CM age":"24 years","Year":1970,"End Year":1970,"Sweep Comments":null,"Timeline Group":"19-26 years"},"25 years (1971)":{"Title":"1971 Follow-up","CM age":"25 years","Year":1971,"End Year":1971,"Sweep Comments":null,"Timeline Group":"19-26 years"},"26 years (1972)":{"Title":"1972 Follow-up","CM age":"26 years","Year":1972,"End Year":1972,"Sweep Comments":null,"Timeline Group":"19-26 years"},"31 years (1977)":{"Title":"1977 Follow-up","CM age":"31 years","Year":1977,"End Year":1977,"Sweep Comments":null,"Timeline Group":"31-43 years"},"36 years (1982)":{"Title":"1982 Follow-up","CM age":"36 years","Year":1982,"End Year":1982,"Sweep Comments":null,"Timeline Group":"31-43 years"},"43 years (1989)":{"Title":"1989 Follow-up","CM age":"43 years","Year":1989,"End Year":1989,"Sweep Comments":null,"Timeline Group":"31-43 years"},"Women's Health in the Middle Years - 47 years (1993)":{"Title":"Women's Health in the Middle Years - 1993","CM age":"47 years","Year":1993,"End Year":1993,"Sweep Comments":null,"Timeline Group":"47-59 years"},"Women's Health in the Middle Years - 48 years (1994)":{"Title":"Women's Health in the Middle Years - 1994","CM age":"48 years","Year":1994,"End Year":1994,"Sweep Comments":null,"Timeline Group":"47-59 years"},"Women's Health in the Middle Years - 49 years (1995)":{"Title":"Women's Health in the Middle Years - 1995","CM age":"49 years","Year":1995,"End Year":1995,"Sweep Comments":null,"Timeline Group":"47-59 years"},"Women's Health in the Middle Years - 50 years (1996)":{"Title":"Women's Health in the Middle Years - 1996","CM age":"50 years","Year":1996,"End Year":1996,"Sweep Comments":null,"Timeline Group":"47-59 years"},"Women's Health in the Middle Years - 51 years (1997)":{"Title":"Women's Health in the Middle Years - 1997","CM age":"51 years","Year":1997,"End Year":1997,"Sweep Comments":null,"Timeline Group":"47-59 years"},"Women's Health in the Middle Years - 52 years (1998)":{"Title":"Women's Health in the Middle Years - 1998","CM age":"52 years","Year":1998,"End Year":1998,"Sweep Comments":null,"Timeline Group":"47-59 years"},"53 years (1999)":{"Title":"1999 Follow-up","CM age":"53 years","Year":1999,"End Year":1999,"Sweep Comments":null,"Timeline Group":"47-59 years"},"Women's Health in the Middle Years - 53 years (1999)":{"Title":"Women's Health in the Middle Years - 1999","CM age":"53 years","Year":1999,"End Year":1999,"Sweep Comments":null,"Timeline Group":"47-59 years"},"Women's Health in the Middle Years - 54 years (2000)":{"Title":"Women's Health in the Middle Years - 2000","CM age":"54 years","Year":2000,"End Year":2000,"Sweep Comments":null,"Timeline Group":"47-59 years"},"Women's Health in the Middle Years - 57 years (2003)":{"Title":"Women's Health in the Middle Years - 2003","CM age":"57 years","Year":2003,"End Year":2003,"Sweep Comments":null,"Timeline Group":"47-59 years"},"Hysterectomy study - 59 years (2005)":{"Title":"Hysterectomy study","CM age":"59 years","Year":2005,"End Year":2005,"Sweep Comments":null,"Timeline Group":"47-59 years"},"60-64 years (2006-10)":{"Title":"2006-10 Follow-up","CM age":"60-64 years","Year":2006,"End Year":2010,"Sweep Comments":null,"Timeline Group":"60 years +"},"68-70 years (2014-16)":{"Title":"2014-16 Follow-up","CM age":"68-70 years","Year":2014,"End Year":2016,"Sweep Comments":null,"Timeline Group":"60 years +"},"Covid-19 Survey 1":{"Title":"Covid-19 Survey 1","CM age":"74 years","Year":43962,"End Year":43981,"Sweep Comments":"In total, 1,258 NSHD cohort members responded to Wave 1 of the CLS Covid-19 survey.","Timeline Group":"60 years +"},"Covid-19 Survey 2":{"Title":"Covid-19 Survey 2","CM age":"74 years","Year":44081,"End Year":44115,"Sweep Comments":"In total, 1,569 NSHD cohort members responded to Wave 2 of the CLS Covid-19 survey.","Timeline Group":"60 years +"},"Covid-19 Survey 3":{"Title":"Covid-19 Survey 3","CM age":"74 years","Year":44228,"End Year":44276,"Sweep Comments":"In total, 1,399 NSHD cohort members responded to Wave 3 of the CLS Covid-19 survey.","Timeline Group":"60 years +"}},"NICOLA":{"Wave 1 (2014-16)":{"Title":"Wave 1","CM age":"50+ ","Year":2014,"End Year":2016,"Sweep Comments":null,"Timeline Group":null},"Wave 2 (2017-19)":{"Title":"Wave 2","CM age":"50+ ","Year":2017,"End Year":2019,"Sweep Comments":null,"Timeline Group":null},"Covid-19 Assessment (2020)":{"Title":"Wave 2 Covid-19 Questionnaire","CM age":"50+ ","Year":44136,"End Year":44136,"Sweep Comments":null,"Timeline Group":null}},"SWS":{"Before pregnancy (1998-2002)":{"Title":"Initial interview","CM age":"Before pregnancy","Year":1998,"End Year":2002,"Sweep Comments":null,"Timeline Group":null},"11 weeks gestation (1999-2007)":{"Title":"Early Pregnancy Questionnaire","CM age":"11 weeks gestation","Year":36161,"End Year":39083,"Sweep Comments":null,"Timeline Group":null},"34 weeks gestation (1999-2007)":{"Title":"Late Pregnancy Questionnaire","CM age":"34 weeks gestation","Year":36162,"End Year":39084,"Sweep Comments":null,"Timeline Group":null},"6 months after delivery (2000-08)":{"Title":"6 Month Survey","CM age":"6 months","Year":2000,"End Year":2008,"Sweep Comments":null,"Timeline Group":null},"12 months (2000-08)":{"Title":"12 Months Infancy Questionnaire","CM age":"1 year","Year":2000,"End Year":2008,"Sweep Comments":null,"Timeline Group":null},"24 months (2001-2009)":{"Title":"24 Month Child Questionnaire","CM age":"2 years","Year":2001,"End Year":2009,"Sweep Comments":null,"Timeline Group":null},"3 years (2002-10)":{"Title":"3 Year Child Questionnaire","CM age":"3 years","Year":2002,"End Year":2010,"Sweep Comments":null,"Timeline Group":null},"4 years (2003-11)":{"Title":"4 Year Child Questionnaire","CM age":"4 years","Year":2003,"End Year":2011,"Sweep Comments":null,"Timeline Group":null},"6-7 years (2005-12)":{"Title":"6-7 Year Child Questionnaire","CM age":"6-7 years","Year":2005,"End Year":2012,"Sweep Comments":null,"Timeline Group":null},"8-9 years (2007-14)":{"Title":"8-9 Year Questionnaire","CM age":"8-9 years","Year":2007,"End Year":2014,"Sweep Comments":null,"Timeline Group":null},"Covid-19 Substudy":{"Title":"Covid-19 Substudy - Wave 1","CM age":"13-22 years","Year":44256,"End Year":44378,"Sweep Comments":null,"Timeline Group":null}},"EQLS":{"EQLS 1 (2003)":{"Title":"EQLS 1","CM age":"18 years +","Year":2003,"End Year":2003,"Sweep Comments":null,"Timeline Group":null},"EQLS 2 (2007)":{"Title":"EQLS 2","CM age":"18 years +","Year":2007,"End Year":2007,"Sweep Comments":null,"Timeline Group":null},"EQLS 3 (2012)":{"Title":"EQLS 3","CM age":"18 years +","Year":2012,"End Year":2012,"Sweep Comments":null,"Timeline Group":null},"EQLS 4 (2016)":{"Title":"EQLS 4","CM age":"18 years +","Year":2016,"End Year":2016,"Sweep Comments":null,"Timeline Group":null}},"HCS":{"Birth records":{"Title":"Birth records","CM age":null,"Year":"1931","End Year":"1939","Sweep Comments":null,"Timeline Group":null},"Age 59-73 (1998-2004)":{"Title":"HCS1","CM age":"59-73 years","Year":"1998","End Year":"2004","Sweep Comments":null,"Timeline Group":null},"Age 82-88 (2019-2020)":{"Title":"Nutrition and Physical Activity (NAPA) Study - Baseline","CM age":"82-88 years","Year":43770,"End Year":43891,"Sweep Comments":null,"Timeline Group":null},"Age 83-89 (2020-2021)":{"Title":"Nutrition and Physical Activity (NAPA) Study - 1 Year Follow Up","CM age":"83-89 years","Year":44136,"End Year":44348,"Sweep Comments":null,"Timeline Group":null},"Covid-19 Study (2020-2021)":{"Title":"Covid-19 Study - Telephone Interviews","CM age":"83-89 years","Year":44013,"End Year":44228,"Sweep Comments":null,"Timeline Group":null}},"TEDS":{"Age 1.5 (1995-98)":{"Title":"First contact","CM age":"1.5 years","Year":1995,"End Year":1998,"Sweep Comments":null,"Timeline Group":null},"Age 2 (1996-97)":{"Title":"2 Year Study","CM age":"2 years","Year":1996,"End Year":1997,"Sweep Comments":null,"Timeline Group":null},"Age 3 (1997-98)":{"Title":"3 Year Study","CM age":"3 years","Year":1997,"End Year":1998,"Sweep Comments":null,"Timeline Group":null},"Age 4 (1997-2000)":{"Title":"4 Year Study","CM age":"4 years","Year":1997,"End Year":2000,"Sweep Comments":null,"Timeline Group":null},"In Home Study: Age 4 (1998-2001)":{"Title":"In Home Study (sub-sample)","CM age":"4 years","Year":1998,"End Year":2001,"Sweep Comments":null,"Timeline Group":null},"Age 7 (2000-04)":{"Title":"7 Year Study","CM age":"7 years","Year":2000,"End Year":2004,"Sweep Comments":null,"Timeline Group":null},"Age 7-9 (2002-04)":{"Title":"8 Year Study","CM age":"7 - 9 years","Year":2002,"End Year":2004,"Sweep Comments":null,"Timeline Group":null},"Age 9 (2002-04)":{"Title":"9 Year Study","CM age":"9 years","Year":37288,"End Year":38018,"Sweep Comments":null,"Timeline Group":null},"Age 10 (2003-05)":{"Title":"10 Year Study","CM age":"10 years","Year":2003,"End Year":2005,"Sweep Comments":null,"Timeline Group":null},"Age 12 (2005-08)":{"Title":"12 Year Study","CM age":"12 years","Year":2005,"End Year":2008,"Sweep Comments":null,"Timeline Group":null},"Age 14 (2007-11)":{"Title":"14 Year Study","CM age":"14 years","Year":2007,"End Year":2011,"Sweep Comments":null,"Timeline Group":null},"Age 16 (2010-13)":{"Title":"16 Year Study","CM age":"16 years","Year":2010,"End Year":2013,"Sweep Comments":null,"Timeline Group":null},"Age 18 (2012-14)":{"Title":"18 Year Study","CM age":"18 years","Year":2012,"End Year":2014,"Sweep Comments":null,"Timeline Group":null},"TEDS 21 Phase 1: Age 21 (2017-2019)":{"Title":"TEDS21: Phase 1","CM age":"21 years","Year":2017,"End Year":2019,"Sweep Comments":null,"Timeline Group":null},"TEDS 21 Phase 2: Age 21 (2018-2019)":{"Title":"TEDS21: Phase 2","CM age":"21 years","Year":2018,"End Year":2019,"Sweep Comments":null,"Timeline Group":null},"COVID Phase 1 ":{"Title":"TEDS COVID Study Phase 1","CM age":"25 years","Year":43922,"End Year":43952,"Sweep Comments":null,"Timeline Group":null},"COVID Phase 2":{"Title":"TEDS COVID Study Phase 2","CM age":"25 years","Year":43983,"End Year":43983,"Sweep Comments":null,"Timeline Group":null},"COVID Phase 3":{"Title":"TEDS COVID Study Phase 3","CM age":"25 years","Year":44105,"End Year":44105,"Sweep Comments":null,"Timeline Group":null},"COVID Phase 4":{"Title":"TEDS COVID Study Phase 4","CM age":"25 years","Year":44256,"End Year":44256,"Sweep Comments":null,"Timeline Group":null}},"ROOTS":{"Age 14 (2005)":{"Title":"Wave 1","CM age":"14 years","Year":2005,"End Year":2005,"Sweep Comments":null,"Timeline Group":null},"Age 15-16 (2006-7)":{"Title":"Wave 2","CM age":"15-16 years","Year":2006,"End Year":2007,"Sweep Comments":null,"Timeline Group":null},"Cognitive sub-study: Age 16 (2007)":{"Title":"Cognitive sub-study","CM age":"16 years","Year":2007,"End Year":2007,"Sweep Comments":null,"Timeline Group":null},"Age 17 (2008)":{"Title":"Wave 3","CM age":"17 years","Year":2008,"End Year":2008,"Sweep Comments":null,"Timeline Group":null},"fMRI sub-study: Age 17 (2008)":{"Title":"fMRI sub-study","CM age":"17 years","Year":2008,"End Year":2009,"Sweep Comments":null,"Timeline Group":null},"Stress reactivity sub-study: Age 21 (2012)":{"Title":"Stress reactivity \nsub-study","CM age":"21 years","Year":2012,"End Year":2012,"Sweep Comments":null,"Timeline Group":null},"Age 25 (2016)":{"Title":"Wave 4","CM age":"25 years","Year":2016,"End Year":2016,"Sweep Comments":null,"Timeline Group":null}},"SABRE":{"Southall Study: 40-69 years (1988-90)":{"Title":"Southall Study","CM age":"40-69 years","Year":1988,"End Year":1990,"Sweep Comments":null,"Timeline Group":null},"Brent Study: 40-69 years (1990-91)":{"Title":"Brent Study","CM age":"40-69 years","Year":1990,"End Year":1991,"Sweep Comments":null,"Timeline Group":null},"Age 60-89 (2008-11)":{"Title":"SABRE V2","CM age":"60-89 years","Year":2008,"End Year":2011,"Sweep Comments":null,"Timeline Group":null},"Age 65-90 (2014-18)":{"Title":"SABRE V3","CM age":"65-90 years","Year":2014,"End Year":2018,"Sweep Comments":null,"Timeline Group":null}},"Whitehall":{"Phase 1 (1985-88)":{"Title":"Phase 1","CM age":"35-55 years","Year":1985,"End Year":1988,"Sweep Comments":null,"Timeline Group":null},"Phase 2 (1989-90)":{"Title":"Phase 2","CM age":"37-60 years","Year":1989,"End Year":1990,"Sweep Comments":null,"Timeline Group":null},"Phase 3 (1991-94)":{"Title":"Phase 3","CM age":"39-64 years","Year":1991,"End Year":1994,"Sweep Comments":null,"Timeline Group":null},"Phase 4 (1995-96)":{"Title":"Phase 4","CM age":"42-65 years","Year":1995,"End Year":1996,"Sweep Comments":null,"Timeline Group":null},"Phase 5 (1997-98)":{"Title":"Phase 5","CM age":"45-69 years","Year":1997,"End Year":1999,"Sweep Comments":null,"Timeline Group":null},"Phase 6 (2001)":{"Title":"Phase 6","CM age":"48-71 years","Year":2001,"End Year":"2001","Sweep Comments":null,"Timeline Group":null},"Phase 7 (2002-04)":{"Title":"Phase 7","CM age":"50-74 years","Year":"2002","End Year":"2004","Sweep Comments":null,"Timeline Group":null},"Phase 8 (2006)":{"Title":"Phase 8","CM age":"53-76 years","Year":"2006","End Year":"2006","Sweep Comments":null,"Timeline Group":null},"Phase 9 (2007-09)":{"Title":"Phase 9","CM age":"55-80 years","Year":"2007","End Year":"2009","Sweep Comments":null,"Timeline Group":null},"Phase 10 pilot (2011)":{"Title":"Phase 10 Pilot","CM age":"58-81 years","Year":2011,"End Year":2011,"Sweep Comments":null,"Timeline Group":null},"Phase 11 (2012-13)":{"Title":"Phase 11","CM age":"59-83 years","Year":2012,"End Year":2013,"Sweep Comments":null,"Timeline Group":null},"Phase 12 (2015-16)":{"Title":"Phase 12","CM age":"62-86 years","Year":2015,"End Year":2016,"Sweep Comments":null,"Timeline Group":null}},"ESS":{"Round 1 (2002)":{"Title":"Round 1","CM age":"15 years +","Year":2002,"End Year":2002,"Sweep Comments":null,"Timeline Group":null},"Round 2 (2004)":{"Title":"Round 2","CM age":"15 years +","Year":2010,"End Year":2010,"Sweep Comments":null,"Timeline Group":null},"Round 3 (2006)":{"Title":"Round 3","CM age":"15 years +","Year":2006,"End Year":2006,"Sweep Comments":null,"Timeline Group":null},"Round 4 (2008)":{"Title":"Round 4","CM age":"15 years +","Year":2008,"End Year":2008,"Sweep Comments":null,"Timeline Group":null},"Round 5 (2010)":{"Title":"Round 5","CM age":"15 years +","Year":2010,"End Year":2010,"Sweep Comments":null,"Timeline Group":null},"Round 6 (2012)":{"Title":"Round 6 ","CM age":"15 years +","Year":2012,"End Year":2012,"Sweep Comments":null,"Timeline Group":null},"Round 7 (2014)":{"Title":"Round 7 ","CM age":"15 years +","Year":2014,"End Year":2014,"Sweep Comments":null,"Timeline Group":null},"Round 8 (2016)":{"Title":"Round 8","CM age":"15 years +","Year":2016,"End Year":2016,"Sweep Comments":null,"Timeline Group":null},"Round 9 (2018)":{"Title":"Round 9","CM age":"15 years +","Year":2018,"End Year":2019,"Sweep Comments":null,"Timeline Group":null}},"Biobank":{"40-69 years (2007-10)":{"Title":"Baseline Assessment (enhanced)","CM age":"40-69 years","Year":2007,"End Year":2010,"Sweep Comments":null,"Timeline Group":null},"42 years+ (2012-13)":{"Title":"Repeat Assessment ","CM age":"42 years +","Year":2012,"End Year":2013,"Sweep Comments":null,"Timeline Group":null},"Imaging visit - 44 years + (2014-present)":{"Title":"Imaging visit","CM age":"44 years +","Year":2014,"End Year":2020,"Sweep Comments":null,"Timeline Group":null},"Mental Health Questionnaire - 46 years+ (2016-present)":{"Title":"Mental Health Questionnaire","CM age":"46 years +","Year":2016,"End Year":2020,"Sweep Comments":null,"Timeline Group":null}},"WCHADS":{"20 weeks gestation (Phase 1)":{"Title":"Phase 1","CM age":"20 weeks gestation","Year":39083,"End Year":39448,"Sweep Comments":null,"Timeline Group":null},"Phase 2 (32-36 weeks gestation)":{"Title":"Phase 2","CM age":"32-36 weeks gestation","Year":39084,"End Year":39815,"Sweep Comments":null,"Timeline Group":null},"Phase 3 (Birth)":{"Title":"Phase 3","CM age":"Birth","Year":39085,"End Year":39816,"Sweep Comments":null,"Timeline Group":null},"Phase 4 (4-8 weeks)":{"Title":"Phase 4","CM age":"4-8 weeks","Year":39086,"End Year":39817,"Sweep Comments":null,"Timeline Group":null},"Phase 5 (9-12 weeks)":{"Title":"Phase 5","CM age":"9-12 weeks","Year":39453,"End Year":39819,"Sweep Comments":null,"Timeline Group":null},"Phase 6 (7 months)":{"Title":"Phase 6","CM age":"7 months","Year":39448,"End Year":40179,"Sweep Comments":null,"Timeline Group":null},"Phase 7\/8 (14 months)":{"Title":"Phase 7\/8","CM age":"14 months","Year":39815,"End Year":40545,"Sweep Comments":null,"Timeline Group":null},"Phase 9 (27 months)":{"Title":"Phase 9 ","CM age":"27 months","Year":40179,"End Year":40544,"Sweep Comments":null,"Timeline Group":null},"Phase 10 (3.5 years)":{"Title":"Phase 10","CM age":"3.5 years","Year":40180,"End Year":40910,"Sweep Comments":null,"Timeline Group":null},"Phase 11\/12 (4.75 years)":{"Title":"Phase 11\/12","CM age":"4.75 years","Year":40909,"End Year":41640,"Sweep Comments":null,"Timeline Group":null},"Phase 13 (7 years)":{"Title":"Phase 13","CM age":"7 years","Year":41640,"End Year":42370,"Sweep Comments":null,"Timeline Group":null},"Phase 14 (9 years)":{"Title":"Phase 14","CM age":"9 years","Year":42370,"End Year":43101,"Sweep Comments":null,"Timeline Group":null},"Phase 15 (12 years)":{"Title":"Phase 15","CM age":"11 years","Year":43466,"End Year":43831,"Sweep Comments":null,"Timeline Group":null}},"KCLMilitary":{"Phase 1 (2004-06)":{"Title":"Phase 1","CM age":"18-63 years","Year":2004,"End Year":2006,"Sweep Comments":null,"Timeline Group":null},"Phase 2 (2007-08)":{"Title":"Phase 2","CM age":"18-66 years","Year":2007,"End Year":2009,"Sweep Comments":null,"Timeline Group":null},"Phase 3 (2014-16)":{"Title":"Phase 3","CM age":"19-73 years","Year":2014,"End Year":2016,"Sweep Comments":null,"Timeline Group":null},"Covid-19 OVA Check-in Survey":{"Title":"Covid-19 OVA Check-in Survey","CM age":"19-73 years","Year":2020,"End Year":2020,"Sweep Comments":null,"Timeline Group":null}},"N85":{"85 years (2006-7)":{"Title":"Baseline Sweep","CM age":"85 years","Year":2006,"End Year":2007,"Sweep Comments":null,"Timeline Group":null},"86-7 years (2007-9)":{"Title":"Phase 2","CM age":"86-7 years","Year":2007,"End Year":2009,"Sweep Comments":null,"Timeline Group":null},"87-88 years (2009-10)":{"Title":"Phase 3","CM age":"87-88 years","Year":2009,"End Year":2010,"Sweep Comments":null,"Timeline Group":null},"90 years (2011-13)":{"Title":"Phase 4","CM age":"90 years","Year":2011,"End Year":2013,"Sweep Comments":null,"Timeline Group":null},"95 years (2016-17)":{"Title":"Phase 5","CM age":"95 years","Year":2016,"End Year":2017,"Sweep Comments":null,"Timeline Group":null}},"ERisk":{"1.5 years - TEDS First Contact":{"Title":"TEDS First Contact","CM age":"1.5 years","Year":1995,"End Year":1998,"Sweep Comments":null,"Timeline Group":null},"5 years (1999-2000)":{"Title":"Phase 5","CM age":"5 years","Year":1999,"End Year":2000,"Sweep Comments":null,"Timeline Group":null},"7 years (2001-02)":{"Title":"Phase 7","CM age":"7 years","Year":2001,"End Year":2002,"Sweep Comments":null,"Timeline Group":null},"10 years (2004-05)":{"Title":"Phase 10","CM age":"10 years","Year":2004,"End Year":2005,"Sweep Comments":null,"Timeline Group":null},"12 years (2006-07)":{"Title":"Phase 12","CM age":"12 years","Year":2006,"End Year":2007,"Sweep Comments":null,"Timeline Group":null},"18 years (2012-13)":{"Title":"Phase 18","CM age":"18 years","Year":2012,"End Year":2013,"Sweep Comments":null,"Timeline Group":null},"Covid-19 Assessment 1":{"Title":"Erisk Covid-19 Questionnaire 1","CM age":"25 years","Year":43922,"End Year":44013,"Sweep Comments":"50% of the ERisk cohort completed the Covid-19 survey prior to the Covid-19 pandemic, whilst the remaining 50% of he cohort completed the survey during the pandemic to allow comparisons between cohort members who completed the survey pre versus post Covid.","Timeline Group":null}},"APMS":{"APMS 1993":{"Title":"APMS 1993","CM age":"16-64 years","Year":34029,"End Year":34182,"Sweep Comments":null,"Timeline Group":null},"APMS 2000":{"Title":"APMS 2000","CM age":"16-74 years","Year":36586,"End Year":36739,"Sweep Comments":null,"Timeline Group":null},"APMS 2007":{"Title":"APMS 2007","CM age":"16 years +","Year":39083,"End Year":39417,"Sweep Comments":null,"Timeline Group":null},"APMS 2014":{"Title":"APMS 2014","CM age":"16 years +","Year":41640,"End Year":41974,"Sweep Comments":null,"Timeline Group":null}},"CFAS_MRC":{"Prevalence Screen - 65+ years (1992-3)":{"Title":"Prevalence Screen","CM age":"65+ years","Year":1992,"End Year":1993,"Sweep Comments":null,"Timeline Group":null},"Prevalence Assessment - 66+ years (1993)":{"Title":"Prevalence Assessment","CM age":"66+ years","Year":1993,"End Year":1993,"Sweep Comments":null,"Timeline Group":null},"Annual follow up - 67+ years (1994)":{"Title":"Annual follow up - 1994","CM age":"67+ years","Year":1994,"End Year":1994,"Sweep Comments":null,"Timeline Group":null},"Combined Screen & Assessment 1 - 68+ years (1995)":{"Title":"Combined Screen & Assessment 1","CM age":"68+ years","Year":1995,"End Year":1995,"Sweep Comments":null,"Timeline Group":null},"Incidence Screen - 68+ years (1995)":{"Title":"Incidence Screen","CM age":"68+ years","Year":1995,"End Year":1995,"Sweep Comments":null,"Timeline Group":null},"Incidence Assessment - 68+ years (1995)":{"Title":"Incidence Assessment","CM age":"68+ years","Year":1995,"End Year":1996,"Sweep Comments":null,"Timeline Group":null},"Annual follow up - 68+ years (1995)":{"Title":"Annual follow up - 1995","CM age":"68+ years","Year":1996,"End Year":1996,"Sweep Comments":null,"Timeline Group":null},"Combined Screen & Assessment 2 - 71+ years (1998)":{"Title":"Combined Screen & Assessment 2","CM age":"71+ years","Year":1998,"End Year":1998,"Sweep Comments":null,"Timeline Group":null},"Combined Screen & Assessment 3 (Cambridge only) - 71+ years (1998)":{"Title":"Combined Screen & Assessment 3 (Cambridge only)","CM age":"71+ years","Year":1998,"End Year":1999,"Sweep Comments":null,"Timeline Group":null},"Combined Screen & Assessment 4 - 76+ years (2003)":{"Title":"Combined Screen & Assessment 4","CM age":"76+ years","Year":2003,"End Year":2003,"Sweep Comments":null,"Timeline Group":null}},"CFAS_II":{"65+ years (2008-11)":{"Title":"Wave 1","CM age":"65+ years","Year":2008,"End Year":2011,"Sweep Comments":null,"Timeline Group":null},"68+ years (2011-13)":{"Title":"Wave 2","CM age":"68+ years","Year":2011,"End Year":2013,"Sweep Comments":null,"Timeline Group":null}},"CFAS_Wales":{"65+ years (2011-13)":{"Title":"Wave 1","CM age":"65+ years","Year":2011,"End Year":2013,"Sweep Comments":null,"Timeline Group":null},"66+ years (2013-15)":{"Title":"Wave 2","CM age":"66+ years","Year":2013,"End Year":2015,"Sweep Comments":null,"Timeline Group":null}},"PROTECT":{"2014 Data Collection":{"Title":"2014 Data Collection","CM age":"50 years +","Year":2014,"End Year":2014,"Sweep Comments":null,"Timeline Group":null},"2015 Data Collection":{"Title":"2015 Data Collection","CM age":"50 years +","Year":2015,"End Year":2015,"Sweep Comments":null,"Timeline Group":null},"2016 Data Collection":{"Title":"2016 Data Collection","CM age":"50 years +","Year":2016,"End Year":2016,"Sweep Comments":null,"Timeline Group":null},"2017 Data Collection":{"Title":"2017 Data Collection","CM age":"50 years +","Year":2017,"End Year":2017,"Sweep Comments":null,"Timeline Group":null},"2018 Data Collection":{"Title":"2018 Data Collection","CM age":"50 years +","Year":2018,"End Year":2018,"Sweep Comments":null,"Timeline Group":null},"2019 Data Collection":{"Title":"2019 Data Collection","CM age":"50 years +","Year":2019,"End Year":2019,"Sweep Comments":null,"Timeline Group":null},"2020 Data Collection":{"Title":"2020 Data Collection","CM age":"50 years +","Year":2020,"End Year":2020,"Sweep Comments":null,"Timeline Group":null}}}